nom,numero
Alexis,56
Pluvieux,0102030405
Alexis,56
Pluvieux,0102030405
bibou,0203040506
Pluvieux,0102030405
Louan le chauve,0102030405
Alexis,56
Pluvieux,0102030405
Louan le chauv,0102030405
Alexis,56
Pluvieux,0102030405
Alexis,56
Pluvieux,0102030405
Alexis,56
Pluvieux,0102030405
Louan le chauve,0102030405
Alexis,56
Pluvieux,0102030405
Louan le chauv,0102030405
Alexis,56
Pluvieux,0102030405
Alexis,56
Pluvieux,0102030405
Alexis,56
Pluvieux,0102030405
Louan le chauve,0102030405
Alexis,56
Pluvieux,0102030405
